"PE","EP"
"0.541558425253340","942.66364975795"
"0.511727772590518","1049.6483202287"
"0.511879988989815","1065.1832865169"
"0.700691786579637","21208.185926404"
"0.718309789215938","21586.499321574"
"0.712230916798168","24457.268047555"
"0.741956141693215","24813.235367684"
"0.709053607317173","20528.177403691"
"0.672069301794792","20563.943438195"
"1.00170529468550","13764.594825135"
"1.03733429137544","14319.963800905"
"1.04638259618842","14188.955156951"
"0.925963123296457","12755.485961123"
"0.896423200765708","11976.634263495"
"0.890783236751491","3962.5769622834"
"0.831330088183422","2051.2322390985"
"0.699961199294532","3861.2938070091"
"0.701357826526366","2524.5339554173"
"0.701659578716182","2539.5796344648"
"0.762602719462935","1964.0640394089"
"0.708711225230833","2460.4756784434"
"0.611792048272590","1660.0704410797"
"0.683356417642132","2554.6415392725"
"0.757985402252069","2276.1973333333"
"0.735930923943953","2519.5365064695"
"0.843462568401444","2758.2274272762"
"0.764206835256704","3061.1540216771"
"0.687960866093330","2877.1960520413"
"0.701981390257252","2565.1653090561"
"0.650908773765916","2479.1458639256"
"0.858530404110114","3756.2378538234"
"0.977648794650294","4199.5459515751"
"0.767584809672220","3822.681753487"
"0.729359402841904","4168.9916971917"
"0.712554359643401","3003.8972635622"
"0.675791474256275","2164.7612018062"
"0.686301070321641","2398.3288357749"
"0.674663759670178","2104.4810015759"
"0.683896544644558","2318.8492017696"
"0.705136774286434","2836.8025130394"
"0.719050774089534","2585.6439909297"
"0.692983663936045","2612.4872408293"
"0.551558091984367","1299.7410410672"
"0.870938409931874","3306.3158712887"
"0.532053392423763","2052.7623051322"
"0.703737965131408","2774.478112564"
"0.601096946934598","1682.5453333333"
"0.679153439153439","2576.9663688912"
"0.770031607704810","3116.1444888635"
"0.896381838475236","2878.5510920437"
"0.791039909141044","2388.5392381827"
"0.791643447729075","2525.0195011338"
"0.843462568401444","2758.2274272762"
"0.739965039092336","2826.256065068"
"0.880857820659128","3579.8311233425"
"0.698960465621142","2514.6991910392"
"0.948184209980288","3459.8816626889"
"0.658891518143333","2156.0755774837"
"0.668941937813329","1591.5960721868"
"0.945365462176832","5043.5834909043"
"0.885111633093696","5019.7597254005"
"0.813044476511143","4246.9297089511"
"0.930788827365572","5382.0015426147"
"0.991017748663251","5356.7408695652"
"0.935545174469225","4115.2744579588"
"0.495842264731154","912.6"
"0.551590776473056","768.83748845799"
"0.488779472954230","856.63410404624"
"0.909457740410556","5263.3499479244"
"0.947382619220528","5225.0942522654"
"0.579877443040708","1565.5223590408"
"0.713029348235341","2530.4070010449"
"0.701284749259592","2535.3141962422"
"0.771558095238095","1982.8276912264"
"0.705996602344641","2469.8124680634"
"0.614256319811875","1652.2329396325"
"0.680968796635463","2569.3254716981"
"0.641125041102442","2349.3078307831"
"0.653980140964268","2484.7297694949"
"0.627009572276748","2274.1530561122"
"0.681200591801876","2409.323374761"
"0.691674940246369","2602.7401700319"
"0.551079570374103","1318.1447246798"
"0.870475533423246","3319.2724170028"
"0.532799265430844","2042.8848845346"
"0.700368858654573","2766.1354401806"
"0.821494590953908","2032.9906429942"
"0.683298995243439","2516.9075413223"
"0.599336236037625","1693.5264567984"
"0.675163979988882","2588.2606860158"
"0.607100821522238","1634.4897753939"
"0.751683847378156","2709.2769209198"
"0.743392087494652","2847.6703296703"
"0.629301511850531","1719.3704289733"
"0.699829062271306","2522.552963194"
"0.655608702342483","2154.5673615781"
"0.464353712946725","257.79453879454"
"0.632927055941028","486.97562893082"
"0.755070582439003","2876.6761960327"
"0.925406745187078","4994.5228294598"
"0.373113002581601","212.15108783239"
"-1.79026858919989","0.62748643761302"
"0.753441129964118","5461.8190240889"
"0.755479725582515","3277.2693282636"
"0.463998467632347","747.18716835504"
"0.470079434515130","755.20521172638"
"0.483114536206323","714.66508416055"
"0.567108167770419","565.74916527546"
"0.581135447001080","887.40611138492"
"0.755845668514319","6136.3117051089"
"0.817753145537131","3345.6082995951"
"0.799270586135042","4552.0052397171"
"0.798415379827144","4535.0244167119"
"0.942172167905827","9566.1417430565"
"0.433038348082596","783.51632653061"
"0.943382789067502","9398.308331101"
"0.875404076662709","4635.6023427011"
"1.02373273896043","5101.1356566431"
"1.00306428523855","5593.7377178043"
"0.956465349238752","7667.0057001239"
"0.803041059650649","3409.1457907294"
"0.802588995012748","3144.8895493614"
"0.880569383391242","7637.5873936772"
"0.937801971982166","4727.5644513538"
"0.931377987140044","5059.1728364594"
"0.896798099053758","10164.066458299"
"0.791695239961554","3222.5710932916"
"0.931640079265798","4930.3299820617"
"0.880818305323332","7277.5653058394"
"0.986453746504093","9030.689311332"
"0.785772198952860","2962.3865023188"
"0.768925541756386","2765.0987216154"
"0.805239633905424","4480.2457802784"
"1.03594757869731","9092.6449204166"
"0.460173532914273","844.67574059247"
"0.873079571557620","4969.8244528652"
"0.995218352881217","5508.9892904953"
"0.788908382066277","2779.2674805771"
"1.02304093848538","5574.8540095956"
"0.662568598498831","1983.6661454261"
"0.794619555794697","1880.0515431517"
"0.804450274753305","3060.375308642"
"0.784358284904733","2993.8063932449"
"0.845907254044935","8073.9178979181"
"0.969399078600599","4660.3209116511"
"0.973253489739278","4611.1528150134"
"0.944855037833532","5342.3049235993"
"0.948647668076239","5140.4056345376"
"0.913270567059318","4522.3304512294"
"0.894061120021631","9845.5608632123"
"0.917754161056431","11256.408425773"
"0.978810708362947","11563.892393321"
"0.616678806202616","18675.070501974"
"0.682569193427279","20363.338971583"
"0.646577457856528","1977.3485316847"
"0.750193233926567","1905.3468509584"
"0.759520907284620","1791.8988421694"
"0.771548075168765","3100.9404015056"
"0.765511762771650","3028.4769797422"
"0.844878368045998","8626.4645472406"
"0.968700275132275","4918.4205813473"
"0.915956480908862","5607.6280821431"
"0.914337274748869","5601.9923016608"
"0.944439789516292","5467.8415130807"
"0.906927475816365","4734.8908512893"
"0.877063258636788","10291.629581918"
"0.918274872912128","11526.989344957"
"0.897089435691666","10896.099555128"
"0.983055430130558","11812.651659672"
"0.996735906982821","12844.725859247"
"0.685351680749690","12112.958141909"
"0.686245475606683","11304.485700667"
"0.687493726789119","17102.243875278"
"0.689139572142116","21034.29769392"
"0.670872162485066","2427.6216739236"
"0.722275444122202","2750.5585560761"
"0.743640711296698","3057.8358353511"
"0.859852681813466","7987.5073375262"
"0.908012997889001","5391.7255182273"
"0.902908974684812","5378.131130064"
"0.899237114543542","4996.0534156977"
"0.912012715986619","11132.271403611"
"1.01100953298136","11937.938605013"
"1.00310691136392","11855.335735964"
"0.989718410578156","11978.021893605"
"0.851169804355851","8690.0739871876"
"0.966754850088183","5013.1676106566"
"0.951246619635508","4957.1583927689"
"0.949702829157375","5511.486013986"
"0.946399678811603","5412.2325772631"
"0.904875556487891","4813.9165709362"
"0.871573463573464","10189.349239522"
"0.969685059208869","11564.966887417"
"0.649129973080850","2058.4477570159"
"0.923907872819910","10031.850999569"
"0.891119055113389","10816.114266243"
"0.905102960853223","9092.7371642299"
"0.799436507936508","9310.0120862774"
"0.720616719576720","17546.926528323"
"0.917294273183684","7074.276891405"
"0.943949454425645","7282.962279082"
"0.811016013517760","8053.4015103839"
"0.934330544788061","9464.7514141113"
"1.07695083446098","9049.3474335827"
"0.889851962465203","11989.416201117"
"0.995437827560759","11045.98702271"
"0.775831143910007","8898.6923076923"
"0.928534269519594","10909.28362878"
"0.911671359611382","9891.2203140056"
"0.868901168264577","11069.399429726"
"0.963076472086463","13089.174825175"
"0.918476216508197","10710.210007305"
"0.893088909637929","11747.067526555"
"0.936615445760985","12953.630363036"
"0.999885634284260","13611.737346101"
"0.881078493869658","12103.891346154"
"0.905721710295992","10759.066772461"
"0.874549640371314","12182.649846395"
"0.956429738385173","12873.789816322"
"0.934621746739039","12157.589035182"
"0.928842786371449","12037.600422833"
"0.986945186582150","13074.74025974"
"0.885795215738878","11523.108352144"
"0.982693802629854","11166.728562487"
"0.814268617824173","9719.8329682366"
"1.02528144466416","10885.411585366"
"0.953493650494216","10248.444955447"
"0.751703065477971","8438.8313505948"
"0.938517460317460","7669.3919107392"
"0.871043641916125","9142.0912951168"
"0.955102653674082","10552.45885451"
"1.05132834483428","11274.044538068"
"1.08926617126524","9514.0927473713"
"0.930625661375661","12723.174132305"
"0.909832352733686","10838.686684073"
"0.815277799713952","8384.2754716981"
"0.833695259020118","8451.9585626416"
"0.919391189925044","10209.192406692"
"0.914542308151330","13007.248693514"
"1.08024178466794","9213.1796752226"
"1.03494723372441","11132.378592666"
"0.802021438939096","8831.9492365655"
"0.949076413634237","8656.7595307918"
"0.948840310653176","12001.178500986"
"0.893814654481321","10747.235578394"
"0.865559639070012","12176.679965989"
"0.819561774633560","3278.0765553628"
"1.03857079983163","4763.9742596895"
"0.990558631289225","6560.305129717"
"0.696051274259535","2369.0831491169"
"0.497252172224649","1174.5742923229"
"0.906817148283815","1886.1611611612"
"0.878572122929079","2206.2828864946"
"0.768898632231966","4438.0662420382"
"0.822331658589361","5742.6928972918"
"0.922343000662007","6278.036475604"
"0.475231529199783","902.4519918284"
"0.750136137711895","2927.5358200118"
"0.965392313686887","5165.4772802653"
"0.965091443119977","4815.8930353223"
"0.886328078880756","7818.9440582589"
"0.933975734355045","11751.776883266"
"0.900984983977942","12293.375178317"
"0.911733085669256","11882.857971014"
"0.879129966329966","12466.638728324"
"0.494775638860745","901.88741721854"
"0.746416297736026","2896.8356643357"
"0.982386668106396","5507.1546274593"
"0.974954698916603","5127.9782501236"
"0.892268992802326","8219.7716022579"
"0.975430356692942","5453.9774250441"
"0.983787507348618","5128.5332558815"
"0.890327546594214","8208.0917685836"
"0.894009742168472","5448.1475661173"
"0.888610738196144","5122.2407333599"
"0.601216838098218","1564.630963708"
"0.982347211579396","6102.0544315992"
"0.797212750669541","4802.3950276243"
"0.836974021979953","6254.3347993403"
"0.754606201795256","4669.7388260635"
"0.797911982420723","6076.3589881593"
"0.838533592607667","7007.8554533509"
"0.529310448660042","1328.2460732984"
"0.932099017384732","2226.6314850602"
"0.893866117276147","2555.3064723532"
"1.00643568209177","5782.0246005938"
"1.01951577503429","5266.7693517261"
"0.508651551788806","967.42950819672"
"0.739452814396317","2978.7107636801"
"0.753811915224345","3070.4263990268"
"0.979259660744755","5477.7682978423"
"0.985506819517931","5129.9941885806"
"0.887663587396920","8206.3189334257"
"0.497421743281070","1172.4807226261"
"0.515668859750019","1063.5729409274"
"0.471478809256587","901.62621111678"
"0.477895807895808","826.29797979798"
"0.388440645773979","473.08738699957"
"0.459789025323616","726.43147656941"
"0.495319148936170","901.51808456444"
"0.457091397726318","825.70288024255"
"0.517985923013446","479.49058076023"
"0.446122918265412","377.36292889989"
"0.525685249709640","1329.8206948076"
"0.485619635508524","702.26202291798"
"0.543786843363168","1172.6368909513"
"0.537192300675059","1063.8809625213"
"0.506036534271828","965.86408296943"
"0.507672278338945","873.26425438596"
"0.715637661470995","11497.308235294"
"0.699996756471852","18125.33970276"
"0.718240907954814","19158.398766125"
"0.654070059219111","19073.277974408"
"0.867267153775090","11731.385338346"
"0.649349173889051","1975.9879518072"
"0.806172717241464","17581.950520833"
"0.784352680420913","16680.912693498"
"0.798302901203334","16403.561147903"
"0.799650062923720","15789.183231397"
"0.810016029092725","17981.751201281"
"0.620046039869095","17660.061155845"
"0.600581773847993","16619.884809215"
"0.634034681645826","18054.300234558"
"0.626181345286517","18099.585975097"
"0.923291630538007","9902.3370104799"
"0.919224215684584","9533.3190118153"
"0.966991657740124","9610.1765818793"
"1.00852371580230","9922.2069852153"
"0.586877543385480","16619.246119734"
"0.613622881680853","17801.997736276"
"0.597955876795163","16074.153225806"
"0.618374151051867","8289.306066508"
"0.801651423064062","19733.085460599"
"0.791729974466293","19084.683684795"
"0.773973830272850","18479.250269687"
"0.767844405251813","16993.916801729"
"0.939684250816166","11734.743139643"
"0.960737067108803","12532.615954012"
"0.921878031537666","11214.72480593"
"0.952192467553518","11716.406716418"
"0.939314455268676","11661.345863037"
"0.992459372637944","12503.375295043"
"1.00080370096630","12319.165354331"
"1.02462877624168","12344.256794232"
"0.978459974917974","12192.780555556"
"0.918958771055389","10204.480181742"
"0.741176306546677","18526.569856313"
"0.953482460872193","11531.932617549"
"0.988506333668621","12082.781671159"
"0.943847589415710","11918.233062331"
"0.641443289512635","18875.782035176"
"0.653855496209367","18345.736507937"
"0.771186321107225","11410.209072978"
"0.764958275629416","11269.212238951"
"0.824386706831962","19796.386042647"
"0.795389396024316","18585.070999454"
"0.992002667314799","13055.321310116"
"0.978595992615809","12023.122800519"
"0.964108036861045","11431.867569051"
"1.01242635189669","12086.911652704"
"1.00476231929936","11645.869689465"
"0.888707455852877","8201.2171906547"
"0.971752066293818","11261.514563107"
"0.991136599473661","12203.208881902"
"0.989992582702863","11443.300456621"
"0.962832241321015","10051.625027637"
"1.00506738117849","10556.890603722"
"0.960118322059250","11634.335866811"
"0.975151817389365","12355.163216561"
"0.941447780810838","10945.67132116"
"0.977728441170707","11886.969353008"
"0.865395120148925","7682.1473773028"
"0.887369514427661","7566.4006627088"
"0.828588556189425","7754.7360568384"
"0.817155762033811","7492.9935401434"
"0.940986947316649","11380.712146666"
"0.929506495230510","11157.718719344"
"0.912860152784929","10776.664361457"
"0.885653006318315","10160.079610073"
"0.976180245141049","11929.62589177"
"0.971083034477591","11882.365279738"
"0.966420445909766","11809.301541832"
"0.963215594971867","11745.17873986"
"0.958224758534836","11661.092504414"
"0.952171607001042","11539.878086515"
"0.970292381109617","11972.175471155"
"0.957699128501868","11101.96400288"
"0.954021056856630","11073.612854632"
"0.950120286471163","11011.206244412"
"0.944743585469658","10960.363650196"
"0.941508359824007","10898.19509495"
"0.937656972585928","10839.650302297"
"0.930934164269735","10769.934468466"
"0.923291186325134","10651.497873472"
"0.959718348485472","10785.910240202"
"0.957073278666067","10741.911357341"
"0.953011444001543","10643.905790739"
"0.947876878089251","10541.274822469"
"0.941480099596580","10418.735301176"
"0.933826560646612","10324.761984206"
"0.936129712688163","10364.473913335"
"0.962666565989583","10956.74092822"
"0.977420082792981","11595.422419965"
"0.985980205519115","11768.05621828"
"1.00009793521875","12102.464948591"
"0.998799625972991","12047.133098737"
"0.994698969716223","11958.620462264"
"0.992145406091553","11883.395731936"
"1.00602388078314","12170.927346318"
"1.00331159227056","12123.662060913"
"0.942637992287115","11468.304371776"
"0.959766729640515","11816.204464199"
"0.964094992279476","11907.988678373"
"0.967895946008752","11991.407308781"
"0.966165961226184","11952.93902789"
"0.971962111962112","12031.227578966"
"0.992617621098548","12123.20418644"
"0.985145783665289","12032.583746898"
"0.976135509908241","11901.779567573"
"0.963667642464176","11667.633310358"
"0.939012175367683","11127.098366541"
"0.977606800003416","11192.286661625"
"0.968672682889018","11095.804292798"
"0.959633504557252","11040.230875258"
"0.948243282912612","10807.893459737"
"0.927533529104841","10434.073351224"
"0.985057274259434","10904.434892011"
"0.974394799147487","10711.82153899"
"0.959762113069199","10457.064358931"
"0.958610318838183","10409.925006249"
"0.990376936843648","11061.615477488"
"0.624077218599182","1360.5406091371"
"0.684129050084254","1915.1398103101"
"0.661610143112457","2159.7585654664"
"0.548309160701318","946.80644570591"
"0.472152053954629","774.73582995951"
"0.712765981813601","2915.1618049225"
"0.698044198599754","3271.5023022185"
"0.645249766573296","2239.2541015625"
"0.768242024044213","3058.163561418"
"0.801503786699865","2926.2047058824"
"0.500911135373216","974.12866242038"
"0.567253988295655","101.41479900391"
"0.552778465733548","762.08846830986"
"0.645898124442927","2063.1894827093"
"0.656208737717309","1837.4350351574"
"0.766847971781305","2749.1740139211"
"0.694090486988446","1634.3722627737"
"0.689859540653548","3047.4474312563"
"0.799290874648899","3391.8025337373"
"0.551917133907184","856.14697674419"
"0.602067610274040","47.618644067797"
"0.474859011090895","777.82144522145"
"0.505148271194783","404.8951048951"
"0.652023352101783","2064.405908799"
"0.668758833903932","1875.0103190983"
"0.755808702180857","2837.5988439306"
"0.682007300766991","3123.0489543726"
"0.801841746508413","3252.061668682"
"0.493014811275681","524.02079168333"
"0.518549948874203","876.06543385491"
"0.614533984533984","1454.1987981973"
"0.670659455800907","2425.7625"
"0.728118407856970","4165.1859063514"
"0.832668685848898","8206.8529571351"
"0.428538441831759","64.319375345495"
"0.369066990487756","121.79773755656"
"0.479567155824466","518.10907718437"
"0.525540559296158","802.25810239549"
"0.516581970849805","907.69278853484"
"0.564001887745606","913.90015772871"
"0.520049507262622","948.27395993837"
"0.571646313220387","969.89715013533"
"0.575299823633157","1361.8623091744"
"0.494292393266752","200.92498230715"
"0.402819879708768","284.40713941148"
"0.435466718923509","456.26962457338"
"0.805940628170422","3369.8236947449"
"0.770556192778415","3150.1336962068"
"0.700030957442841","3270.176138738"
"0.700683529057513","2402.5888818432"
"0.672650772778978","1949.3942307692"
"0.685788763519687","2363.2729149463"
"0.467534076827757","733.27695004382"
"0.511745164368115","810.85557768924"
"0.499786032725847","698.17340558566"
"0.427277980576861","579.53864376666"
"0.648134078196570","2133.7460300656"
"0.562381810092043","1656.5209264012"
"0.701118817315078","2480.7748458693"
"0.648382027130929","1927.9935547149"
"0.759032428326832","1848.4049726085"
"0.817705003248863","2963.3306751728"
"0.701849037487335","3923.2550631054"
"0.872491186814774","3338.7726728662"
"0.687953723266579","2309.7213420317"
"0.692319632783209","2215.0435571688"
"0.926797293266136","3700.9185475957"
"0.897450341154045","3894.3208672087"
"0.672456555368955","2286.6058091286"
"0.665962980777796","2212.1440217391"
"0.909976068376068","3794.8637274549"
"0.888534675201342","4029.970917226"
"0.638019862456248","1271.3385883196"
"0.644899036830538","1902.8258737941"
"0.695465362891523","1757.6125244618"
"0.875687830687831","3085.4449991393"
"0.628598705968385","4159.3348365276"
"0.880756298303724","3623.9283978617"
"0.754733669506752","4530.0607082631"
"0.777590601354042","2083.1984380547"
"0.855773481662371","3618.168972037"
"0.674280206483972","2227.776929982"
"0.664332590736099","2155.6613686534"
"0.941864929393274","4098.8433940774"
"0.978814104423942","4913.2798481712"
"0.963554559005477","5219.6568160153"
"1.04042973184699","14269.281984334"
"0.993962204670739","13501.493617021"
"0.997764178406748","13528.397271952"
"1.02390490501867","14286.633491995"
"1.06447745773451","13523.067353067"
"1.05724783558478","12985.716019417"
"1.06660854482762","13440.515097691"
"0.988790566503932","13426.846121238"
"1.01735867666357","14119.807774455"
"1.05460754892974","12284.195268622"
"0.922070864993171","10786.531867313"
"0.996890027380983","10744.194635059"
"0.875014463175442","5449.5092751491"
"0.824301286381889","5687.6282359404"
"0.915242333407099","10799.672418105"
"0.913400717630603","10782.579589782"
"0.940551673350463","10369.515597261"
"0.659902611089603","3271.6187520418"
"0.983955769244842","5815.7391367114"
"1.01844022274993","5299.9985855728"
"0.806650529628574","4873.8434004474"
"1.01325641189095","5145.4833153929"
"0.975661742137933","5064.1954280592"
"0.915466537160579","4219.4242615701"
"0.874003391014663","5404.1222307105"
"0.976786092214664","5657.0983913206"
"0.783790541954384","4894.0250109973"
"0.956677160124859","5551.8221906117"
"0.891120299393470","4087.1548084441"
"1.00550187590188","4768.0627461106"
"0.952434763355398","4085.8781807546"
"1.00747275907109","5195.5180364448"
"0.785378290446614","4984.0476625274"
"1.04381533949037","4959.2820884699"
"0.969734520724919","4754.6942814731"
"0.953336243386243","4838.0321965685"
"0.953444968379418","4911.0375886525"
"0.928385728697013","4461.0308614136"
"0.785704853060658","4303.3327820046"
"1.03023873316072","4665.5667246601"
"0.786524950721029","4494.1668830607"
"0.632035530838451","2843.8831977023"
"0.887703598931322","7504.2909033481"
"0.951932205904168","5100.413670486"
"0.945734957548911","5079.011732499"
"0.854453262786596","4365.8034433286"
"0.813433014257442","6430.2934770148"
"0.828079576882502","6567.7845046942"
"0.827800292693910","2324.5725439167"
"0.839901279406929","2270.987254902"
"1.09718290336764","5133.1461483081"
"0.788944960593629","3200.3557753669"
"0.762779682853922","3088.8426821406"
"0.740174173680219","3834.1953642384"
"0.929730507691292","9054.7111111111"
"0.893210781938891","4945.128935677"
"0.869121951362661","7473.843477119"
"0.897813109594386","7628.6482139267"
"0.640337334103313","2273.7809561129"
"0.727581620718463","2098.1761719916"
"0.691892917914423","3216.774687626"
"0.801535765339274","3078.4547461369"
"0.861106622597625","7696.3838099074"
"1.00104783472305","5477.2428471738"
"0.788862736338550","5140.7534246575"
"0.448814483184853","638.42058121019"
"0.585719502615861","1106.9332331473"
"0.557983896940418","1101.2286243329"
"0.751250486925849","2133.1247658299"
"0.532049216070213","986.5022248017"
"0.493272509003601","958.0533467539"
"0.753788890449657","2171.5655727238"
"1.01266530999864","5510.264117202"
"0.962362525791097","5200.4921597048"
"0.551299329805996","1017.3825169255"
"0.513866745051930","972.23677873037"
"0.704071970616313","1909.4044585987"
"0.656479148377504","1791.1968693558"
"0.757139272450925","2946.8364595545"
"0.717233774934033","2709.4790874525"
"0.594356400996613","893.73996952768"
"0.842862979972963","7527.1468838083"
"0.952004960317460","5205.5657573155"
"0.827822033716771","4779.3050049554"
"1.00109471028206","5111.9361290323"
"0.613737174211248","2074.6498700549"
"0.707364295512444","1982.2216494845"
"0.715939514846619","1936.8295063146"
"0.763994311772089","3151.9804177546"
"0.759882612514191","2898.0240046838"
"0.962973877741173","5055.3722890791"
"0.747168625266871","4770.1304675716"
"0.744637557230150","4728.3696045116"
"0.741116073814486","3103.309729064"
"1.00325034257128","5215.558190081"
"0.617055757539928","2110.1077539134"
"0.696395716592623","2022.9807580175"
"0.704238483843004","1973.5773984697"
"0.701076849683407","1909.9574347333"
"0.769118457032830","3210.5927112535"
"0.739458450046685","2986.4174641148"
"0.841945665111510","7209.0066828676"
"0.972221495213862","5148.2970063025"
"0.745195623222834","4768.3602484472"
"0.745195623222834","4768.3602484472"
"0.739205376147905","3000.9074486513"
"0.826043721192181","2237.416964742"
"0.780041012764177","2109.7403081511"
"0.797353123878198","2295.4447510183"
"0.749266651330419","2121.6200349738"
"0.739317101605237","2970.7895054282"
"0.711822340268556","2792.0116537181"
"0.699575902433045","2615.5575692964"
"1.06346249861548","14272.012692656"
"1.00151105565953","12187.965838509"
"1.01603092768959","12491.148243359"
"0.993274976657329","9300.7107779788"
"1.02661636141636","8152.3334262615"
"0.753720608068936","5308.4338308458"
"0.793022876753322","6507.7760555852"
"0.802861047161302","5883.5096700796"
"0.842056139440336","5859.4920368818"
"1.05835299178389","14410.946745562"
"0.912631932055563","12437.163438829"
"1.06837391403749","13515.019590771"
"1.06938131754578","13085.282626766"
"1.02846252904454","11345.736546476"
"1.05017911118020","13040.501516684"
"0.941432749816588","12408.172365989"
"0.573706432917529","7550.5750903713"
"0.805141976588517","9090.6951987834"
"0.869004556743332","12426.658067845"
"0.994743588391429","9937.354094714"
"0.485141787051899","954.13605898123"
"0.715112538842697","91.457107335267"
"0.780505176693448","4234.2348536419"
"0.703763418461581","19733.803278689"
"0.717201231109728","18961.532967033"
"0.731226471656579","22840.842400842"
"0.729090401103602","23112.311997202"
"0.726909769305079","22961.424017003"
"0.731153350970018","23335.372923294"
"0.688251039304611","22017.886528307"
"0.671733199262611","21502.777436402"
"0.685863903586125","20546.292070736"
"0.689659386998207","19612.06313416"
"0.724066974750519","23447.784111151"
"0.723858852809783","23195.660242684"
"0.723883859501933","23688.169723121"
"0.724889140841522","23246.070402299"
"0.861221540199385","12605.473821369"
"0.890540826411473","11847.099236641"
"0.840416638994045","11572.965235174"
"0.831109403474507","10985.187227866"
"0.901516280764693","12484.279433317"
"0.899797450930511","11607.666294272"
"1.13424752843713","10482.247685185"
"0.879075837742504","12038.522012579"
"0.852204203409759","21483.937790398"
"0.906224869637740","23424.424498416"
"0.899936968023924","23526.348649597"
"0.900780701855502","23386.396903589"
"0.888780363155363","12230.658603377"
"0.851455556519309","11636.266655351"
"0.905925135486293","12431.823154057"
"0.776275132275132","11899.850066269"
"0.826497849562177","21994.850984566"
"0.825981620718463","22203.070787637"
"0.897981898172374","23566.589943343"
"0.891696773341413","23723.428672316"
"0.920374149659864","13502.273730684"
"0.906634572002789","13060.206014682"
"0.937088285123916","13275.308525671"
"0.902060287617384","11440.49391069"
"0.891309533762506","13081.048172355"
"0.930192691806395","12399.008320216"
"0.470469740488788","1059.0216070223"
"0.518826574952386","1124.7767716057"
"0.547537227117940","1403.298404821"
"0.516681445380806","1333.5552389587"
"0.720814806993669","1612.3534696406"
"0.711135837742505","2866.2195291823"
"0.533333231091685","2190.2880585035"
"0.811606349206349","1781.7365721183"
"0.645147884611486","1551.241815801"
"0.627979948045630","1520.8867313916"
"0.721752014922747","6690.0031142946"
"0.746988252174693","2085.6090170888"
"0.743184000326857","2777.3391973612"
"0.725799771760556","2721.325607064"
"0.726806662137401","2395.7794843664"
"0.720156049382716","2843.4197530864"
"0.708153310104529","2782.6649717514"
"0.720435179872931","2460.2498589961"
"0.551963814855381","1377.7170119956"
"0.719109142364956","2551.7817589577"
"0.480612922189983","917.72953964194"
"0.643057639890973","1863.3798356082"
"0.834700477848626","13447.57417672"
"1.02574007478738","11078.419372645"
"1.01576221490367","11099.15170111"
"1.00856008994603","10997.458535888"
"1.00963412329842","11039.345599269"
"1.01271580536791","11038.058809467"
"1.01718727285884","11029.709545855"
"1.02099795388375","11078.58739498"
"0.989679279863442","10855.981485563"
"0.986562232609713","10814.753713839"
"0.997164461357127","12716.421965318"
"0.997164461357127","12716.421965318"
"1.05390587985852","13120.850803989"
"1.04994159231956","12200.481459911"
"1.06248836583208","12748.661985567"
"1.04607660255170","11974.918824894"
"1.07852364280888","11140.104662226"
"0.978481440465937","12428.058134841"
"0.699929855467674","6306.6603624901"
"0.667446536237234","1950.9626256281"
"0.645193993091429","1894.2834633262"
"0.474627918608018","665.08366358432"
"0.533903053008643","1185.9720097889"
"0.824683415676793","22110.093708166"
"0.940382968002015","12389.576293913"
"0.877355325636027","11689.37206157"
"0.888713689179375","10345.172781065"
"1.03281511005446","12025.066505441"
"0.999038758104781","13581.768736617"
"0.934038624778442","12770.346121768"
"0.969757723294499","12405.212981744"
"0.813031631890365","8117.4708293914"
"0.890557786989902","11487.544929746"
"0.504630122580433","694.78335832084"
"0.458692743764172","475.70146137787"
"0.481901370234703","715.33135283364"
"0.506359898973139","782.06365935919"
"0.761817327652136","3136.1967044945"
"0.724741508769387","2632.3329252117"
"0.927132742915300","4666.0626763701"
"0.640566225262358","2864.9058500914"
"0.708302945802946","11108.635084428"
"0.573842767056196","6686.3365079365"
"0.584594614779197","9468.3781094527"
"0.808697692833747","8179.5149847095"
"0.923407530812778","9292.4421407907"
"0.926609880419404","9885.6497948016"
"0.997861650009798","12339.175176748"
"0.934990817075227","10301.260907127"
"0.663549794860788","3092.1475059382"
"0.841578643578643","10062.994787091"
"0.934045367108215","11666.582934609"
"0.354443124692558","508.63324636601"
"0.367941155441155","465.12458038045"
"0.336477501521749","638.44167066731"
"0.485746087735506","337.44009042954"
"0.438789827751903","442.71151850571"
"0.441000855431993","459.89470038102"
"0.418472178995055","407.51006068349"
"0.399537448559671","449.88709677419"
"0.403374603174603","466.21345358888"
"0.459829815087547","357.26095697628"
"0.428041433427907","496.62422231439"
"0.771748471402650","3044.1271578947"
"0.780647495430980","3228.4517563361"
"0.717623456790123","2944.9150154117"
"0.739018224573780","2853.2776217228"
"0.641165180382708","2679.7872738615"
"0.736228154561487","4109.7140871177"
"0.645647331634986","4069.4793337446"
"0.528200890232636","1095.9696793003"
"0.684997563804308","3898.2922008547"
"0.533317073490555","762.59698767686"
"0.486525978633258","1036.7343857241"
"0.401336721599565","590.38548844751"
"0.846024270880783","8164.1760780287"
"0.966035637694480","12345.717741935"
"0.952285555847415","12044.661322645"
"0.702310331540023","8373.5586772022"
"0.819615787504676","7804.7302616346"
"0.646087451723460","7424.8320749805"
"0.799068922765292","8453.9127218935"
"0.631072498758583","19633.243847875"
"0.646976560089872","10451.319139596"
"0.999696923887400","13674.092788241"
"1.04136014448514","13330.044169611"
"1.02150830512031","13685.011614402"
"1.02327836148795","12753.642063266"
"0.902109075157028","3980.2134684351"
"0.858521630874572","4030.7807118255"
"0.749183801580896","2739.2911569381"
"0.598318502485169","894.02826510721"
"0.559030650419539","863.72809095216"
"0.688383190153799","3375.1769225087"
"0.810081514550264","3101.691636192"
"0.496676925068362","2231.2370566204"
"0.516627211403844","2999.3023060797"
"0.774707640463593","1955.2220260284"
"0.383319499354196","3314.0111801242"
"0.376436865259666","3553.452970297"
"0.644468479553751","1429.7211924622"
"0.669152091631493","1675.8949608573"
"0.692100901250748","1580.544776591"
"0.544235995632821","2183.1112421384"
